ma_mau,901.800507,905.72725,909.649623,913.567626,917.481259,921.390522,925.295415,929.195937,933.09209,936.983873,942.166118,946.047703,949.924919,953.797764,957.66624,961.530345,965.39008,969.245445,973.09644,976.943065,980.78532,985.901528,989.733586,993.561274,997.384591,1001.203539,1005.018116,1008.828324,1012.634161,1016.435628,1020.232726,1024.025453,1029.075624,1032.858154,1036.636314,1040.410104,1044.179524,1047.944574,1051.705254,1055.461563,1059.213503,1062.961072,1066.704271,1071.688406,1075.421408,1079.150041,1082.874303,1086.594195,1090.309717,1094.020869,1097.727651,1101.430063,1105.128105,1108.821776,1113.739874,1117.423348,1121.102453,1124.777188,1128.447552,1132.113546,1135.775171,1139.432425,1143.085309,1146.733823,1150.377967,1155.230027,1158.863974,1162.493551,1166.118758,1169.739595,1173.356062,1176.968158,1180.575885,1184.179241,1187.778227,1191.372843,1196.158867,1199.743286,1203.323336,1206.899015,1210.470324,1214.037263,1217.599831,1221.15803,1224.711859,1228.261317,1232.987131,1236.526392,1240.061284,1243.591806,1247.117957,1250.639738,1254.157149,1257.670191,1261.178862,1264.683163,1268.183093,1272.84287,1276.332604,1279.817968,1283.298961,1286.775585,1290.247839,1293.715722,1297.179236,1300.638379,1304.093152,1307.543555,1312.137295,1315.577501,1319.013337,1322.444803,1325.871899,1329.294625,1332.712981,1336.126967,1339.536582,1342.941828,1346.342703,1350.870406,1354.261084,1357.647393,1361.029331,1364.406899,1367.780097,1371.148925,1374.513383,1377.873471,1381.229189,1384.580537,1389.042202,1392.383353,1395.720134,1399.052545,1402.380585,1405.704256,1409.023556,1412.338486,1415.649046,1418.955236,1422.257056,1426.652685,1429.944308,1433.231561,1436.514444,1439.792957,1443.0671,1446.336872,1449.602275,1452.863307,1456.11997,1459.372262,1463.701854,1466.943949,1470.181674,1473.415029,1476.644015,1479.86863,1483.088874,1486.304749,1489.516254,1492.723389,1495.926153,1500.189708,1503.382276,1506.570473,1509.754301,1512.933758,1516.108845,1519.279563,1522.44591,1525.607887,1528.765494,1531.91873,1536.116248,1539.259288,1542.397958,1545.532258,1548.662188,1551.787747,1554.908937,1558.025756,1561.138205,1564.246285,1567.349994,1571.481475,1574.574987,1577.664129,1580.748901,1583.829303,1586.905335,1589.976997,1593.044288,1596.10721,1599.165761,1602.219943,1606.285387,1609.329371,1612.368986,1615.40423,1618.435104,1621.461608,1624.483742,1627.501506,1630.5149,1633.523924,1637.529158,1640.527985,1643.522441,1646.512528,1649.498245,1652.479591,1655.456568,1658.429174,1661.39741,1664.361276,1667.320772,1671.259969,1674.209268,1677.154198,1680.094757,1683.030945,1685.962764,1688.890213,1691.813292,1694.732,1697.646339,1700.556307,do_am,tro_tong,tro_khong_tan,pipeprine,tinh_dau
1,2.4961320999999996,2.5222238,2.4907052,2.47831165,2.4731095,2.4682458499999997,2.4810675499999997,2.4822782,2.48743595,2.4787118,2.4894593,2.48715465,2.4781779,2.4784337499999998,2.4765852500000003,2.4668519499999997,2.4750936,2.46448185,2.4616492,2.46539135,2.4570689999999997,2.4552803,2.45522885,2.4551954,2.4494728500000003,2.46148585,2.4429927,2.4566705,2.44904695,2.44737905,2.4390034,2.4373898,2.4357665,2.4350756999999996,2.4286190999999997,2.43318765,2.4279725500000002,2.4293782,2.4181776,2.41440565,2.4174605,2.4125371,2.41240965,2.4046886,2.41122075,2.40739935,2.40533395,2.40651275,2.40042335,2.3962056499999997,2.38961605,2.39980875,2.3972811,2.3959524,2.39127735,2.3846734,2.3882792999999998,2.3881144,2.3835369,2.3807736,2.38244845,2.38480255,2.37794785,2.38611175,2.3784676,2.3830575,2.3817473,2.38081165,2.3816425,2.3793904,2.379022,2.3803212,2.37715495,2.37460995,2.3755397,2.3784824,2.3757929,2.37195265,2.3741316,2.3685907,2.36771495,2.3678945,2.36440405,2.3611936499999997,2.3574348499999997,2.3627165000000003,2.35188525,2.3513871,2.3515841,2.34826755,2.3460989999999997,2.3462585000000002,2.3392129,2.3426577,2.3392351,2.3367769,2.335269,2.3384436,2.3383126499999998,2.3366422,2.3373444,2.336068,2.3314034,2.33673325,2.33527825,2.329888,2.3314992,2.3336304500000002,2.3349672999999997,2.3360869,2.3343374,2.33601795,2.33882245,2.34199355,2.3425717500000003,2.3465579500000002,2.3492017,2.35421235,2.35552685,2.3596348,2.3647336500000002,2.3667882,2.37047715,2.36830325,2.369246,2.3766216499999997,2.3765396,2.3827799,2.38404855,2.3884286,2.39127055,2.4050084,2.4097041,2.4168639,2.4255596,2.43339765,2.4404554999999997,2.45370405,2.45563475,2.4633700000000003,2.47094195,2.47487475,2.48377215,2.4871379,2.4863501,2.49275385,2.49266985,2.4933488,2.4957667,2.4984202499999997,2.4959171,2.4987579,2.49397685,2.49617875,2.4943179,2.4943413,2.4914961,2.4969744,2.4955133,2.4908451,2.49220605,2.49484625,2.4932415,2.48947895,2.4948345499999998,2.4851593000000003,2.4904522,2.48694535,2.48793145,2.48099285,2.4806055999999996,2.48047785,2.4827044999999996,2.4835477,2.4830262000000003,2.47752725,2.47965265,2.4750535,2.4773209,2.47102835,2.4807523,2.47026475,2.47369855,2.4760412,2.4770193,2.4801125500000003,2.4714747,2.47641195,2.4679461,2.4744413,2.46856205,2.4739628,2.4643341,2.4706734,2.4686991,2.4699196,2.4625001,2.4634877,2.47559865,2.46094735,2.46121595,2.4660822,2.4516740500000003,2.4633775499999997,2.4676892500000003,2.4578563,2.45487345,2.4452601,2.44793875,2.44428385,2.4499451,2.44333805,2.4214602,2.4332558,2.4126757999999997,2.40935255,2.37332915,2.35681805,2.3591777,2.3464811,2.31478545,2.31361045,2.3538813999999997,2.3339353,2.3383526,2.4095914,2.31121755,2.3946921,11.2728,11.2728,11.2728,11.2728,3.0
10,2.36740715,2.40541405,2.3837032000000002,2.38234755,2.4051244,2.3726591,2.377426,2.389654,2.3943029,2.3772211,2.3676871,2.37118615,2.35874555,2.3620289,2.3509119000000003,2.3525042,2.34299,2.3457458,2.3333699500000002,2.33504035,2.32603955,2.33069915,2.3243868500000002,2.3186214499999998,2.3179681,2.3178442,2.30935985,2.3085894,2.29922155,2.292333,2.2900405,2.28997475,2.2771192499999997,2.2810687,2.2725320499999997,2.2740704999999997,2.2663022,2.26431305,2.2579257999999998,2.2537457,2.2545916999999998,2.2523617000000002,2.24809165,2.23444195,2.2361117,2.239523,2.2320031499999997,2.23104405,2.22205495,2.22448335,2.22095245,2.2194777500000002,2.22024935,2.21621945,2.2189977,2.21392525,2.2130673,2.2097562,2.2113996,2.21205945,2.2072819,2.2104363499999997,2.2071959,2.2137782,2.2117271,2.20911145,2.2144651,2.2159082,2.21492895,2.2149255,2.2171902,2.2156002,2.21341975,2.2149863,2.2157761000000002,2.21538115,2.217323,2.21245185,2.2135703500000004,2.21016915,2.2074698,2.20442935,2.1994577,2.1921816,2.19283365,2.1876809,2.1853369000000002,2.1810022,2.17930785,2.1723331,2.1733587,2.1683986,2.1676670000000002,2.16475245,2.1623774,2.15983115,2.1573535,2.1562920500000002,2.1583364,2.15912895,2.1542725999999996,2.1575498499999997,2.1531603,2.15420825,2.15390635,2.1532132,2.15321795,2.1507392,2.1537172,2.15340035,2.1540039,2.1570436,2.15785545,2.1622674,2.1651257999999998,2.16969295,2.1728614,2.1801276,2.1851,2.18847065,2.1929661,2.1988112,2.2029353499999997,2.20286235,2.2050717,2.2111886,2.2129226500000003,2.21815415,2.2225581,2.22380105,2.23422945,2.2489075,2.2552387,2.2683383,2.27799795,2.28959125,2.301431,2.3149475500000003,2.32439485,2.3330088499999997,2.3418785499999997,2.34790405,2.35451095,2.3632573,2.36483235,2.36727245,2.37136795,2.3736167999999997,2.3770913,2.3751987,2.3811181,2.377865,2.3781334999999997,2.3799809,2.37959785,2.3790461499999997,2.3743775,2.3791537,2.37540805,2.36810555,2.3736641,2.3787329,2.37174665,2.3722024,2.3655444500000002,2.36317345,2.36145355,2.3600282,2.35830935,2.3614524500000003,2.36127555,2.3581433499999997,2.35102645,2.3560940500000003,2.3546880999999997,2.35315845,2.3563529,2.3470451,2.3501366,2.34443305,2.34549955,2.34406375,2.34372045,2.3452628,2.3431935,2.346762,2.3441525,2.3465772,2.33902665,2.34642575,2.34353845,2.34091785,2.33984445,2.3324157,2.33648875,2.3391276999999997,2.3302568999999997,2.3300983,2.3272019,2.32217855,2.33068755,2.3281954,2.32208595,2.31967245,2.31839205,2.31813885,2.31670805,2.312137,2.31223285,2.30909225,2.3073303,2.3077653000000002,2.2872771,2.28472915,2.2731135,2.2647195499999997,2.2300101,2.2371008,2.2189775000000003,2.20101965,2.1850639000000003,2.20009345,2.2381245499999998,2.18223865,2.26953635,2.2439931,2.23587065,2.2444216999999997,11.2321,11.2321,11.2321,11.2321,3.0
11,2.4865407999999998,2.5307195,2.46810455,2.4972496499999997,2.52809455,2.4882472,2.4695464,2.4700612,2.5000285,2.4792897,2.48815075,2.4748488,2.46988025,2.4754426,2.45985245,2.4679143,2.4688212,2.46825805,2.4517786,2.45791335,2.45304995,2.4632279,2.4542725499999998,2.44331115,2.44740935,2.44400725,2.44714785,2.44583275,2.43569205,2.43374335,2.4303276499999997,2.4345664,2.4256164,2.4228957,2.42767275,2.41577715,2.4220070500000004,2.42205735,2.40687465,2.40466225,2.4112958,2.40576875,2.3998561,2.3994276,2.3973555,2.39180335,2.39602265,2.3907724,2.38625395,2.38918225,2.3831153,2.38126585,2.3777043,2.3796688500000003,2.3826109,2.37642675,2.3844171,2.3746966,2.37261275,2.3762106,2.37771595,2.3780839,2.37678915,2.3741623499999998,2.37522655,2.37504875,2.3732432,2.3755351,2.3809326,2.37723425,2.3760603500000004,2.37708625,2.37373275,2.36794055,2.37518905,2.3746931499999997,2.36970205,2.37232745,2.36935665,2.37274705,2.3680383,2.3654832,2.362697,2.3570766,2.3585461,2.35614915,2.35221305,2.3499474,2.34695755,2.3454512999999997,2.34402665,2.3401264,2.3398706000000002,2.34047345,2.33688525,2.33184085,2.33427485,2.3315722,2.3357333000000002,2.3348158000000003,2.3342968500000003,2.3341949,2.33321835,2.3304896,2.33418915,2.3294616,2.3292793,2.3333959,2.3318753,2.332859,2.3366082500000003,2.3340153,2.33631535,2.3405291999999998,2.3413804,2.3437978999999998,2.3486068500000004,2.35248475,2.3579818500000003,2.36118165,2.36526875,2.36855395,2.37306485,2.3727587,2.3720054999999998,2.3812595500000002,2.3794435,2.38754295,2.38807175,2.38852185,2.39886265,2.4054880499999998,2.4141602,2.42445805,2.4282406,2.44029725,2.4474507500000002,2.4557282999999996,2.4632195500000003,2.4718798499999997,2.4792153,2.4901652,2.4878156000000002,2.4945283,2.4979296,2.4991572,2.5015562,2.5045288500000003,2.50627785,2.50543155,2.50388415,2.5094234,2.50066945,2.5091549,2.5053775000000003,2.50713115,2.5045336,2.5027382,2.5099356,2.4990341999999997,2.5033479499999998,2.5061998,2.5003112,2.50079685,2.4992616500000002,2.4996161999999997,2.49177375,2.49512365,2.49618235,2.49449685,2.4912955,2.4937487999999997,2.48903105,2.48908535,2.4916409,2.4934972,2.49119635,2.48527875,2.4873175,2.48588735,2.48522445,2.48733495,2.48825265,2.4832500499999997,2.48755305,2.47936325,2.4812452499999997,2.4802891,2.48314585,2.4859389,2.4811243000000003,2.477236,2.4823702,2.4791335,2.47428795,2.4833393,2.4745411,2.4714763,2.48163865,2.46850295,2.463388,2.47443525,2.46990325,2.4698125,2.47000265,2.4595956,2.4657284,2.4657962,2.45606765,2.45829425,2.44996465,2.437762,2.43682305,2.4295279,2.42228105,2.4127967999999997,2.3797938000000003,2.3628054,2.35217695,2.3343124499999997,2.3116869,2.3591376,2.3580451,2.3415171999999997,2.3391361,2.32997665,2.39316415,2.4503824,10.8044,10.8044,10.8044,10.8044,2.6
12,2.44942365,2.4490752000000002,2.465516,2.4498155,2.4459304,2.4380882,2.44814025,2.4519301,2.4470093,2.4413719,2.4277903,2.43857655,2.4153769,2.42665485,2.4083508,2.41806885,2.41957205,2.41509415,2.40278465,2.4090591,2.4010468499999997,2.40549405,2.39391075,2.39488295,2.39300985,2.3944659,2.38966525,2.39012745,2.3907744,2.3794839,2.3793533,2.3766588,2.3638136,2.3649891,2.354672,2.3576217,2.3578137000000003,2.36107795,2.35628135,2.3483051,2.3558033,2.34915055,2.34640775,2.3449236,2.3419812,2.3354666,2.33810085,2.3330456,2.3210348,2.3320333,2.3262545,2.3248186,2.3231898,2.3256618500000004,2.3272987499999997,2.32220485,2.32494475,2.32415855,2.3204749,2.32774315,2.328171,2.3286251499999997,2.3302660499999996,2.33037465,2.3273134,2.3322371,2.3353725,2.32933125,2.3349263000000002,2.3326539,2.3379150500000003,2.34004295,2.3379319,2.341846,2.33889355,2.3419314,2.33941205,2.336246,2.33504295,2.3310777000000003,2.3293135,2.3328649500000003,2.32673615,2.32192215,2.31976895,2.3192103,2.3142926499999996,2.3097682500000003,2.3096622,2.3077444,2.30797425,2.30280695,2.3047548,2.30034095,2.2980804499999996,2.29828585,2.2968226,2.2990652000000003,2.29493235,2.2973209,2.2984775500000003,2.2982037,2.29604375,2.2949690499999997,2.2959772000000003,2.29729415,2.2964309,2.2976077,2.2988519,2.2983907,2.29914525,2.3019978500000002,2.3027936,2.30720985,2.3080181,2.31272225,2.3200295,2.32416355,2.32653845,2.3310499,2.3395591,2.3445804,2.34325055,2.34652875,2.3463662,2.35286475,2.3535049,2.3602764,2.3586625,2.3630275000000003,2.36794625,2.37534625,2.3831596,2.39541225,2.4006614500000003,2.41264365,2.4194770500000002,2.4343245,2.4371892500000003,2.4433047500000002,2.4516297000000002,2.4583949,2.46146405,2.4694159499999997,2.4690645499999997,2.4709642,2.47524565,2.4766044000000003,2.4810643,2.4779527999999997,2.47490805,2.4811416,2.47800695,2.47725805,2.47568475,2.4780662500000004,2.47540345,2.4777030499999997,2.47117825,2.47265945,2.47384155,2.475696,2.4730947,2.47141795,2.47106,2.467851,2.46509815,2.46348785,2.4610353,2.46346765,2.4592042,2.46420465,2.4574716,2.45739545,2.45912335,2.4589062,2.463473,2.45873235,2.4544169499999997,2.45472235,2.463291,2.45674845,2.45125425,2.4555429,2.45067315,2.4470274,2.4553575,2.4560841499999997,2.4504707,2.4522574500000003,2.4522142,2.4482562999999997,2.4477619,2.4421551,2.4444340999999996,2.4401859999999997,2.4374389,2.43489465,2.44144085,2.42852605,2.43891235,2.4378179500000003,2.4348183,2.43362095,2.43216355,2.435639,2.42776815,2.4226307,2.4287665,2.42325705,2.41573365,2.4158866,2.3963219,2.39761195,2.39042215,2.38001075,2.33886635,2.34168245,2.33143975,2.30644525,2.30103605,2.3338977,2.33023495,2.3602655500000003,2.3219804,2.3160350000000003,2.2395842999999998,2.35052235,11.9106,11.9106,11.9106,11.9106,2.8
13,2.5082036000000003,2.51237725,2.4998180999999997,2.52159905,2.5220449,2.5190444,2.4929126,2.5043731,2.5230974,2.5278481,2.5013571499999996,2.5170428,2.5000831,2.5074236,2.4999964500000003,2.5072402499999997,2.50957205,2.5114838500000003,2.50179665,2.5009305,2.50240725,2.5099035499999998,2.5039555,2.5089963,2.5040339499999997,2.5067945000000003,2.50847575,2.49690485,2.49584695,2.5066349,2.50377515,2.5075141,2.4921472000000002,2.49099205,2.4841303,2.4847435,2.490927,2.4954761999999997,2.492399,2.48443595,2.482859,2.48353535,2.48366365,2.47522805,2.4780980500000003,2.47746945,2.4788777499999997,2.47420885,2.47232135,2.4773149,2.47731125,2.47591295,2.47633725,2.47653395,2.47165335,2.47846235,2.4802457,2.4783785,2.46665945,2.47578545,2.46879645,2.4767261,2.4708351,2.47115495,2.47132545,2.47266455,2.46950935,2.4648887,2.4751436,2.4757866,2.4758591500000002,2.4703825999999998,2.47174555,2.47297985,2.4704321499999997,2.47220265,2.4684733999999997,2.4716814,2.47086235,2.46602895,2.46620985,2.4664104,2.4613545500000003,2.4590843,2.461507,2.4583610499999997,2.46090415,2.4530209,2.45490015,2.4545217,2.45529325,2.4528107500000003,2.4503242,2.4515826,2.4531282,2.44872485,2.4508782499999997,2.4515070999999997,2.4473322,2.4504366,2.4512205000000002,2.44766335,2.4474377,2.4515495,2.4521989,2.4494533,2.4515172,2.4489763,2.45349485,2.4501555,2.4496659000000003,2.4527174,2.45734285,2.4549319499999998,2.45661695,2.4559344,2.46287955,2.46195505,2.4733175,2.46936465,2.47698405,2.4775885,2.4766672499999998,2.4804898,2.47845855,2.48357895,2.4802916,2.4833673999999997,2.4886539,2.4879466999999997,2.49156665,2.50194915,2.50528355,2.5143571000000002,2.51796835,2.52535135,2.52539735,2.5372619,2.5372548000000004,2.5449693499999997,2.5488255,2.55472765,2.5552367,2.5582107499999998,2.5612756,2.5595824,2.5637691,2.56451905,2.5658450999999998,2.56170885,2.5657093,2.573964,2.5660832499999997,2.57066345,2.56579055,2.5721089499999996,2.56628805,2.56625585,2.5643009500000002,2.56862855,2.5714005,2.56786905,2.56619505,2.56609995,2.56276825,2.56471585,2.5645063,2.56767615,2.55970205,2.56701045,2.5602969,2.5619017,2.5626440500000003,2.5597394,2.56099715,2.5645048,2.5603324499999998,2.563669,2.5593171,2.56200215,2.5629778500000002,2.5598329499999997,2.56100785,2.555075,2.5587452500000003,2.5575105999999996,2.56035155,2.55841165,2.5578734,2.5592776,2.56106495,2.55828825,2.5518077,2.54996775,2.5549106000000004,2.5659137999999997,2.553039,2.55359625,2.55751895,2.55518255,2.55068375,2.55372775,2.552675,2.5444575,2.5602259,2.5291398999999997,2.54488115,2.53980315,2.55132985,2.54775325,2.5287362,2.54539195,2.5226378,2.5332523,2.52802595,2.5198291999999998,2.49681665,2.4697818,2.48804025,2.45562675,2.4575125,2.4695342,2.5216419,2.49315535,2.4812875500000002,2.4300903000000003,2.51268035,2.5034481,11.3736,11.3736,11.3736,11.3736,3.0
14,2.47740125,2.4697385,2.45990565,2.48772335,2.5195262499999997,2.5054551,2.46034735,2.4774971999999997,2.47129515,2.4932977999999997,2.48252885,2.4771173,2.4649953499999997,2.46775265,2.46097295,2.46587915,2.4654154999999998,2.4722452,2.4520131,2.4567892000000002,2.4532791499999997,2.45334055,2.44816025,2.4491418,2.4551216499999997,2.44690245,2.44130245,2.44598335,2.4322697,2.43816585,2.4290064,2.4280846,2.42459835,2.41864055,2.42471975,2.4151902,2.41493085,2.41693025,2.41145485,2.4083963,2.40948,2.4065389500000003,2.4060099999999998,2.3996524999999997,2.4021197,2.391964,2.3924498499999998,2.3959693,2.3891355,2.38609655,2.38196355,2.3817945000000003,2.3832516999999998,2.3800176,2.38441705,2.37802195,2.3841086000000002,2.3766008,2.3741081,2.3768718499999997,2.37165665,2.3766021,2.3763635,2.37913635,2.3713006,2.370829,2.3715129,2.3775556,2.3772098,2.37388305,2.3723165,2.37047465,2.3669003,2.3713985,2.37312965,2.3701996999999997,2.37069505,2.3680665000000003,2.36717025,2.3664069000000003,2.362072,2.3633760500000003,2.3636798,2.3561412,2.35565925,2.35145585,2.3507127,2.34599175,2.3459144,2.3402734,2.34151035,2.33433945,2.33464195,2.3359634,2.3374158,2.33236935,2.3299871,2.33126895,2.3331018,2.32994405,2.32984015,2.3318479,2.3276762,2.33044285,2.3288869,2.3282726,2.3265412000000003,2.3261211,2.32819135,2.3278496,2.3295941,2.32937825,2.3341252999999997,2.33494685,2.33629825,2.33809005,2.3432233,2.34720285,2.3503495,2.35410405,2.35816975,2.36219295,2.3644161,2.368068,2.3704175,2.37079525,2.3748344500000003,2.3782731999999998,2.3812740000000003,2.38568485,2.3868198,2.40056555,2.408136,2.41677095,2.4210415999999997,2.4316347499999997,2.44196355,2.44853775,2.4577213,2.46284815,2.47141445,2.47641235,2.4822498,2.484686,2.4866349,2.488741,2.4894993,2.4917501,2.4959940499999997,2.49423205,2.4991162,2.4997103,2.4950149,2.4973349,2.4943972,2.49800895,2.4930173,2.49683185,2.4978409,2.4919126,2.4944429,2.49056575,2.491803,2.48980105,2.49270645,2.48886265,2.49064105,2.4887236,2.48586265,2.48731075,2.48285855,2.4830017,2.4827225,2.4823811,2.4849133,2.4795716,2.4808214,2.4779986000000003,2.4783318000000003,2.4784424,2.47483975,2.47467665,2.47549915,2.4797205,2.47791775,2.47442375,2.4756147,2.47357135,2.4698328,2.4796337,2.4768497,2.4673404999999997,2.4765335,2.4702831,2.46772685,2.4680573,2.4712812499999997,2.45872295,2.4657482,2.4614792000000003,2.4645058,2.4633169500000003,2.46602985,2.47407355,2.4659275999999997,2.4519393000000003,2.4571049,2.4489325,2.4529204,2.4606927,2.47164675,2.4353588000000004,2.4293971500000002,2.419902,2.4180527,2.4017257499999998,2.38978485,2.3621485499999997,2.34643935,2.3275508,2.3245807,2.3429595,2.3606771,2.3092617,2.3505724999999997,2.39643005,2.3564082500000003,2.41896315,10.6014,10.6014,10.6014,10.6014,2.8
2,2.4741466,2.54281925,2.4981534,2.4786443,2.4746957000000003,2.48021,2.49099855,2.49590145,2.50007875,2.4925225,2.47962545,2.4920408000000003,2.4818411,2.48617685,2.46515135,2.47235505,2.4785778,2.47534365,2.4591305500000002,2.4677897,2.4606183,2.45840225,2.4726275,2.4538760500000003,2.4663085,2.4552049,2.4527069999999997,2.4567553,2.44842535,2.44233185,2.44267595,2.4408414499999997,2.42835855,2.4343007,2.4233148,2.42750285,2.43194805,2.422188,2.42229235,2.415711,2.41486245,2.4140664000000003,2.41475255,2.40769365,2.4158663000000002,2.40862845,2.40247015,2.3966190000000003,2.3954988,2.39485465,2.3888620499999997,2.3886019999999997,2.39396435,2.3860626,2.38247015,2.3871368,2.38822595,2.38078245,2.3806108999999998,2.382218,2.3837815499999997,2.38379495,2.38200535,2.3834957,2.3782456499999998,2.3879770999999996,2.3833503499999997,2.38723625,2.3841307499999997,2.38094615,2.38316265,2.38172855,2.37935855,2.38182705,2.38200325,2.38550545,2.38239385,2.38012735,2.3777075,2.37527,2.37563325,2.37604155,2.36678175,2.3673156,2.37047375,2.3641678500000003,2.35944205,2.36149865,2.3578111,2.3533873,2.3500166,2.3499418,2.3475148,2.3468757499999997,2.34601185,2.34014,2.34232065,2.34263695,2.34260525,2.34146645,2.3437396,2.3395030500000003,2.34191745,2.339499,2.34097565,2.3399899,2.3401516,2.3411269999999997,2.33783385,2.33892815,2.3409371,2.34411845,2.3432217,2.34605115,2.3490686,2.35272125,2.3558498,2.357606,2.3631404,2.3690835,2.36897635,2.374561,2.3803809,2.3787605,2.3815202500000003,2.38577335,2.3897883,2.39162265,2.3940807499999996,2.3956437999999998,2.4034341,2.41237035,2.42165725,2.4314021,2.43708485,2.44409055,2.4527182499999998,2.46335355,2.47228915,2.4740999,2.4866505,2.4892585499999997,2.4979679,2.5027204000000003,2.5029049999999997,2.50323375,2.5027864,2.5056569499999997,2.51127595,2.5068506,2.50951825,2.5152784,2.51715205,2.5120841,2.513725,2.51325755,2.5032266,2.51292325,2.5139325,2.5032717,2.50920835,2.5084344,2.5058223,2.507071,2.5037393000000003,2.5010645,2.50276145,2.5018632,2.50395605,2.4967362,2.4976406,2.4954871,2.4945002,2.4942959,2.49730105,2.49503105,2.49224995,2.48999425,2.491915,2.48359985,2.4932814,2.49153085,2.492643,2.4926459000000003,2.4885542999999997,2.4903032499999997,2.49221885,2.49072155,2.4858756499999997,2.49302285,2.4884345,2.4883689,2.48930245,2.4835782,2.4817999,2.4809700500000003,2.47357555,2.4748965,2.48413105,2.4798217,2.4802564,2.4777572,2.4744140000000003,2.4818558499999996,2.4815647,2.4723897,2.4744661999999997,2.4715747,2.47926145,2.46835095,2.45813985,2.44511945,2.44615845,2.44597175,2.4303476,2.41351445,2.4059643,2.36729205,2.35704335,2.3500798499999997,2.3390349,2.33649985,2.3881964499999997,2.36778715,2.3937159,2.4405792,2.3301555,2.3979054,11.2404,11.2404,11.2404,11.2404,3.0
3,2.4602196,2.4906412500000004,2.4846432,2.4985149,2.4814793,2.4843557,2.4691761,2.49004985,2.4845583,2.47114215,2.46925655,2.48359425,2.468478,2.48346785,2.4646908499999998,2.46243665,2.4641948,2.4667990499999997,2.46702395,2.4615801,2.45504775,2.4546442500000003,2.4547715,2.44905995,2.4480103,2.4546434,2.4398758000000003,2.4406178,2.43756595,2.4288059,2.43594915,2.43306835,2.432462,2.4242445,2.4220071499999998,2.4215587,2.414899,2.41875525,2.4113723,2.4069997499999998,2.4132956,2.41019615,2.41136745,2.3985623499999997,2.4127251999999997,2.3945307,2.4004463,2.4033086999999997,2.39830295,2.3969297999999997,2.39563895,2.3980619499999998,2.3928335499999998,2.39659805,2.3914677,2.3932074,2.39114225,2.3929925,2.3894737499999996,2.39343355,2.3921943,2.3927644999999997,2.39185105,2.3978905999999998,2.39131355,2.397766,2.3998048499999998,2.3895495,2.40122225,2.39970075,2.40064045,2.40183325,2.397459,2.3986483499999998,2.39940645,2.3996975,2.393097,2.3970934,2.39672965,2.3945615,2.38833455,2.39241095,2.3896135000000003,2.3859516,2.3840660500000004,2.3804483999999997,2.3783079000000003,2.376863,2.37630265,2.3730028,2.371635,2.3700015,2.365549,2.36678445,2.367666,2.3619545,2.3674263499999997,2.3655762,2.3667380000000002,2.3640692999999997,2.3680838,2.36623505,2.3602809000000002,2.36118325,2.3639234,2.3634721499999998,2.3638888000000002,2.3653695,2.3659013,2.36771595,2.3674329,2.3724406,2.37363455,2.3750079,2.3775918999999996,2.3794750000000002,2.383205,2.3877831,2.3928666499999998,2.3980922,2.3992812,2.40672585,2.4054368,2.40783485,2.41213945,2.41171285,2.4165932999999997,2.4217407,2.4222406,2.4259594,2.4287125,2.4390978,2.44436385,2.4521842499999997,2.45909805,2.4701782000000003,2.47836575,2.4875232499999997,2.4925639,2.4995009,2.50091505,2.5084991000000003,2.5105466499999998,2.51800985,2.51408425,2.52276835,2.52166965,2.5211207,2.52609,2.5226906,2.52644645,2.5302832,2.5303238,2.5277778,2.52216925,2.5223557,2.52291995,2.5244150000000003,2.5306932499999997,2.5217893499999997,2.52841415,2.5285599999999997,2.51817775,2.5280655,2.52222295,2.5184757,2.5156339,2.5184565500000002,2.52123385,2.5137422999999997,2.51955935,2.5187129500000003,2.5154661000000003,2.5157869,2.5122207,2.514846,2.51173885,2.5125914,2.50393115,2.5017534,2.5131623,2.51224785,2.507156,2.5096541500000003,2.49861805,2.51050065,2.50871495,2.5071771,2.50314185,2.5059904,2.5038611,2.4986584499999998,2.5051826999999998,2.5055223,2.5067183,2.49362335,2.49649845,2.4998977499999997,2.50102545,2.4837192999999997,2.49969135,2.4897781500000002,2.4929704,2.4943186,2.49547645,2.4847667,2.50217425,2.4782933,2.4800256000000003,2.4723799499999997,2.4861238,2.48681895,2.43854995,2.4476951,2.44939805,2.4465231,2.41763605,2.41604685,2.37587235,2.38587375,2.35880355,2.36208925,2.4250445,2.43691335,2.37272385,2.4816192,2.42034995,2.4232102,10.4594,10.4594,10.4594,10.4594,2.8
4,2.3934715,2.4372532,2.45564605,2.4565135000000002,2.43680135,2.4512149,2.4296554,2.43119605,2.4334343499999997,2.42706745,2.43244835,2.4234182,2.4210833999999997,2.42563685,2.4218102000000004,2.4221591,2.41584405,2.4207834999999998,2.40845275,2.4089608,2.4031465499999998,2.4063919,2.39869825,2.3926643,2.40001895,2.39855925,2.3923693,2.3875026999999998,2.39048725,2.3896216,2.3859157,2.3825792,2.37480635,2.3770247,2.3699421999999997,2.3745865999999998,2.3687019,2.3591734,2.36477565,2.36014105,2.3569195499999998,2.35580715,2.3515213,2.3509664999999997,2.35027245,2.3524003,2.3454739499999997,2.3441425,2.33946875,2.3423493,2.34018925,2.33946215,2.33609955,2.33766965,2.3364888,2.33324235,2.3321404,2.33021235,2.3260640500000003,2.330048,2.3287369,2.3272388,2.3252759000000003,2.3280017,2.3224486,2.3283603499999996,2.324011,2.32740625,2.3325244,2.3296430999999997,2.32707415,2.32559805,2.32583135,2.3258008,2.3227292999999998,2.32471295,2.3172427,2.3181863,2.3166889999999998,2.3131779999999997,2.31491445,2.3149577999999997,2.30783285,2.3041114499999997,2.3051729,2.3037987,2.2972840999999997,2.2962491,2.29576195,2.29173955,2.28934265,2.28698865,2.28629925,2.2836667,2.28175195,2.2833022,2.2788575,2.2801161,2.2787049,2.2766735000000002,2.27762535,2.2762331,2.27394985,2.2776368,2.27310555,2.27388755,2.27360775,2.2739908,2.2705756999999998,2.2732488,2.2741594,2.2737326500000004,2.27409065,2.2767526,2.28022405,2.2822181,2.28392715,2.2868436,2.2921862,2.2943822000000003,2.3015127499999997,2.3031245,2.30353735,2.30563515,2.30616275,2.30890895,2.309804,2.3147741,2.31501895,2.3174294,2.3244691,2.3341629,2.3375326000000003,2.3472544500000003,2.35198185,2.3589403,2.3720975500000003,2.3808522,2.3871527,2.38976795,2.4010856499999997,2.40514915,2.41159745,2.4147845,2.41404435,2.4187168,2.4223171999999997,2.42080335,2.4247277499999997,2.42161185,2.4275735000000003,2.42435165,2.4259022000000003,2.4274927,2.42595505,2.4262661999999997,2.42354455,2.4252341,2.42837855,2.42273645,2.4215644000000003,2.4236164,2.4227458,2.4162941499999997,2.420007,2.42078375,2.4169213,2.4135116,2.4125532,2.4150752,2.40913245,2.41514395,2.4086682500000003,2.4120801,2.4093463,2.4060963,2.410297,2.40683705,2.40261075,2.4002329,2.40326745,2.4047269499999997,2.40158995,2.400041,2.40713875,2.40202415,2.4021517500000003,2.4022730500000002,2.3980974,2.4046060000000002,2.4027462,2.3937718,2.3967586499999998,2.39638515,2.39828145,2.39677485,2.3917422999999998,2.3894372,2.40090065,2.3948301,2.39206915,2.3895966,2.3895424,2.38288895,2.3890624,2.3824554,2.38736435,2.37910635,2.38139015,2.383613,2.3727533000000003,2.38091975,2.3761599,2.3645929,2.36483735,2.3590848,2.3503349499999997,2.3447687,2.3313230000000003,2.3315538499999997,2.3303487499999997,2.30897825,2.35465665,2.35383385,2.3138345,2.3952144,2.45547505,2.3085180000000003,10.1277,10.1277,10.1277,10.1277,3.0
5,2.5151859473684213,2.498073894736842,2.4911551052631578,2.45878447368421,2.4730386842105263,2.4911548947368423,2.481043842105263,2.4912000526315787,2.495488736842105,2.468333105263158,2.4806173157894738,2.4707272631578947,2.479046842105263,2.4777626842105263,2.469869578947369,2.468934157894737,2.478243789473684,2.4701554736842106,2.4694624210526315,2.4624539999999997,2.452140894736842,2.4642536842105263,2.4639764736842107,2.4545023684210525,2.45039,2.4502068421052634,2.448079842105263,2.4562872631578947,2.4498626315789473,2.444688157894737,2.4364031578947367,2.4375926315789473,2.4310433684210526,2.4384464210526318,2.4234212105263158,2.4229212105263156,2.4166524210526314,2.4279174736842104,2.4198127894736845,2.4109975263157897,2.413815736842105,2.4147954736842103,2.4110423684210525,2.4120154210526317,2.406705736842105,2.4091678421052634,2.405559789473684,2.4001425789473685,2.3915314210526315,2.4002396315789474,2.4003689473684213,2.398735842105263,2.3933023684210526,2.4002735789473686,2.389446,2.392444842105263,2.3944466842105263,2.387125052631579,2.3888688421052633,2.399150894736842,2.3921876842105263,2.3925624210526317,2.389273105263158,2.3946466842105263,2.3962094736842103,2.3933573157894736,2.3902074210526316,2.3895024736842108,2.396339263157895,2.3974655263157896,2.391529842105263,2.392929157894737,2.389127315789474,2.389395789473684,2.3930193684210526,2.3936865263157894,2.384933894736842,2.388869052631579,2.3967463157894735,2.3833668421052634,2.3820397368421053,2.383273421052632,2.381194842105263,2.3739685263157893,2.3728344210526315,2.371250052631579,2.366641894736842,2.3640445263157894,2.362561578947368,2.3606385263157894,2.358090578947368,2.3611905263157893,2.3625553684210523,2.355852105263158,2.356780052631579,2.3510873684210525,2.3529923684210523,2.3537687894736843,2.3523436842105263,2.350798157894737,2.3526747368421055,2.3512617368421056,2.3483136315789475,2.3512184736842103,2.352244842105263,2.3508113157894734,2.350478842105263,2.3519949473684214,2.3509834210526317,2.347325684210526,2.350833789473684,2.350968736842105,2.3563335789473685,2.357078157894737,2.357857894736842,2.3622745789473685,2.364842789473684,2.367376894736842,2.3734624736842105,2.3739623157894734,2.3813793157894736,2.383504052631579,2.3863193684210526,2.3882326315789473,2.389603842105263,2.391939,2.393375842105263,2.3961243684210523,2.3994786315789476,2.4015196842105264,2.4064905263157894,2.4173907894736844,2.4234224736842105,2.4312593684210526,2.4393966315789477,2.4445345263157896,2.454657105263158,2.4676843157894734,2.4720332631578947,2.4752287368421055,2.4808464736842106,2.491801052631579,2.492777263157895,2.4933905263157894,2.497372,2.499194105263158,2.499932263157895,2.5004865789473683,2.5093327894736843,2.5035291578947367,2.510914894736842,2.511961052631579,2.5064280526315788,2.5092476842105262,2.5038194736842105,2.505410473684211,2.502368315789474,2.5091818947368423,2.5029355263157895,2.500545842105263,2.503369,2.500421842105263,2.5003820526315788,2.4988368947368422,2.4990247368421055,2.4957579473684213,2.4940589473684214,2.491906947368421,2.493073105263158,2.4932002631578944,2.4901954736842105,2.4879135789473685,2.482152315789474,2.486389947368421,2.4811422631578948,2.484466052631579,2.4840661578947367,2.4867556842105265,2.4835387894736844,2.4816152105263156,2.481121894736842,2.473188789473684,2.4764966315789474,2.475354789473684,2.481752052631579,2.4795556842105264,2.480023894736842,2.484876263157895,2.4758704736842105,2.4799809473684213,2.480613421052632,2.478648421052631,2.479063,2.4709567368421053,2.4790314210526314,2.470047894736842,2.468641947368421,2.478017052631579,2.4740837368421054,2.464511315789474,2.4649335263157894,2.4670304736842104,2.460299157894737,2.465923894736842,2.465578842105263,2.4687932105263157,2.4618203684210527,2.4575493157894734,2.4636461052631575,2.458200105263158,2.452458105263158,2.445531263157895,2.4458167368421053,2.428350736842105,2.4072263157894738,2.4014256315789475,2.3803514210526315,2.362001789473684,2.378977947368421,2.3562037368421054,2.325713052631579,2.331694947368421,2.3920902631578946,2.3352141578947365,2.4098053157894737,2.4534923684210526,2.3718875263157897,2.301369789473684,11.0371,11.0371,11.0371,11.0371,3.0
6,2.4270386999999998,2.5421963,2.4724285999999998,2.4536149,2.4744672000000003,2.4556711,2.4304759000000002,2.4610903,2.4573237,2.4528143,2.4495735,2.4351851,2.4416602000000003,2.450055,2.4363007,2.4463996000000003,2.4496582,2.4350608,2.4264997,2.4248018,2.4318975,2.4374292,2.4202266999999997,2.4278917,2.4106396,2.4298132000000003,2.4157713000000003,2.4070579,2.4057798,2.4122411,2.4068180000000003,2.4055711,2.4016221,2.3885094,2.3876442,2.3881056000000003,2.3866581,2.3882455,2.3782611,2.3849407,2.3886088,2.3807061999999997,2.3797297,2.3710639000000002,2.3731017000000003,2.3714722999999998,2.3653695,2.3717005999999996,2.3556949,2.3524021,2.3629107,2.3574036,2.3562882000000003,2.3597459,2.3519549,2.3565857,2.3555997,2.3619486,2.3545773,2.3596901000000003,2.3598136,2.3592006999999997,2.3574595,2.3711012,2.3704381999999997,2.3614667999999996,2.3712629,2.3627383,2.3646744,2.373782,2.3688759,2.3715745999999998,2.3693246,2.3646868999999997,2.3770322,2.3731344,2.3689318,2.3666745,2.3684705,2.3668949,2.3658925999999996,2.3573557000000003,2.3581341,2.3562817,2.3535377,2.3526852000000003,2.346743,2.3471221,2.3423618,2.3470322,2.3402108999999998,2.3323659,2.335661,2.3361055,2.3313324,2.3295361,2.3297575999999998,2.3364930999999998,2.3343092,2.3319202,2.3329274,2.3293094,2.328286,2.3291755,2.3298844,2.3272497000000003,2.3295649999999997,2.3357614,2.3396435,2.3384013,2.3332349,2.3397749,2.3416491,2.3427958,2.3484118,2.3503298,2.3510602,2.3600348,2.3653663000000003,2.369679,2.3694129,2.3764703999999996,2.3776823,2.3790886999999996,2.3817624,2.3862013,2.393042,2.3924191,2.3971823,2.4018699999999997,2.4077133,2.4159201,2.4238364,2.4330287,2.4420485,2.4445889000000003,2.4601408,2.4678872,2.4740132,2.4789746,2.486115,2.4902984,2.4924833,2.4987492,2.4980160000000002,2.4990209,2.5008916,2.5001916,2.5119005,2.5032999,2.504238,2.510644,2.5119429,2.5067395,2.505171,2.5098639,2.5084272,2.5040563,2.5104575999999996,2.5040129,2.5103809,2.5104591,2.5085477000000003,2.4990641,2.5045504999999997,2.4994284,2.5063661,2.4906694000000003,2.4913461,2.4947074000000002,2.4964022,2.4893231,2.4841107,2.4939081,2.4926831,2.4903383999999997,2.4917531,2.4873797,2.4935522,2.4810967,2.4820602000000003,2.4833586,2.4815869,2.4841268,2.4842712,2.4842448,2.4929591,2.4961949,2.4922525,2.4921729,2.4693538,2.4816548000000003,2.4911021,2.4880205,2.4816217,2.4801948,2.4828837,2.4746847,2.4779348,2.4747015,2.4681859,2.4726613,2.4591045,2.4564273,2.468377,2.4556777,2.4690681999999997,2.444744,2.4524723,2.4501353000000003,2.4554859999999996,2.4605511,2.4320914,2.4564564,2.4390784,2.4265311,2.3789200999999998,2.3666053,2.3605066999999997,2.3454909,2.3047067,2.3290234,2.4250765000000003,2.3509651,2.4440998,2.4412139,2.4052185,2.3264327000000002,10.2113,10.2113,10.2113,10.2113,2.6
7,2.45887935,2.5077351,2.4780658,2.50089975,2.4967493000000003,2.48045675,2.4750071,2.4933809499999997,2.4830875,2.46942355,2.4830813,2.48495335,2.4611519,2.46115565,2.4638691,2.4738879999999996,2.4713355,2.46871705,2.46018655,2.4620294,2.4581931,2.45392405,2.4485569000000003,2.4488119,2.4523978,2.4531239,2.44517535,2.4447400000000004,2.43784555,2.4389787000000003,2.424244,2.4334017500000003,2.4304729,2.4278452,2.43011485,2.4221131,2.4157821,2.4189791499999997,2.418574,2.41104065,2.4195965,2.41610395,2.4041055,2.4022543,2.40786585,2.40261715,2.3985068000000003,2.4013736000000003,2.4002148,2.3931612,2.3926473,2.3925062,2.3857037500000002,2.3871495499999997,2.3927214,2.39238875,2.38646275,2.3856077499999997,2.38564415,2.38163185,2.38467175,2.39235695,2.387442,2.39275665,2.3867267500000002,2.3841773,2.38796815,2.3849075500000003,2.3890222000000003,2.3854229499999997,2.3827818,2.38220025,2.3873394,2.38406555,2.3819325,2.38384115,2.378053,2.3802352,2.3804276,2.37634045,2.37662595,2.3744867,2.3702549,2.3691564,2.3677398,2.3652389499999997,2.3617569499999997,2.35886925,2.3583786,2.3541254,2.3523391499999997,2.35095315,2.34907915,2.35063885,2.34766875,2.34715895,2.3461433,2.3467287,2.3448967,2.3465172,2.34330135,2.3431355,2.34107235,2.34418435,2.3429771500000003,2.3444468,2.34091105,2.3426627499999997,2.341327,2.34319395,2.343407,2.346028,2.3471005,2.34687025,2.35130375,2.3512556499999997,2.35744705,2.3587374,2.36296075,2.3664538,2.3707422,2.3758093,2.3753127,2.37810785,2.377108,2.3794078,2.38664935,2.3864802000000003,2.38692785,2.3926909,2.3941016999999998,2.4084784,2.4109044,2.42024455,2.4291939,2.4357056,2.4463579500000003,2.4595449,2.4606462000000002,2.46324765,2.47461075,2.4758838,2.4810748,2.4885577999999997,2.4872689,2.4904357,2.4886209,2.4928647,2.491393,2.4940667999999997,2.497519,2.4952294,2.4940856,2.4954729,2.49432675,2.49794175,2.49408,2.4941234,2.49220205,2.4898857,2.4853517,2.48783815,2.4882058000000002,2.4855863,2.48580735,2.4820687,2.4877346499999997,2.4796842999999997,2.4759273,2.48206945,2.48234455,2.4804026,2.4739617,2.47901215,2.47345855,2.4776659,2.4757466999999997,2.47055235,2.4717114,2.4666767,2.47009085,2.4694257,2.46785,2.4674000499999997,2.46971775,2.4663671999999996,2.4659941499999998,2.4638516,2.4653589,2.4632007000000002,2.4657893,2.46778995,2.4629262499999998,2.46392585,2.4585881,2.4631094,2.4580904,2.44724585,2.4518715,2.45391495,2.45439335,2.4576667,2.4560277,2.4549701500000003,2.4549402000000002,2.44115485,2.437404,2.43983055,2.4426112,2.43901815,2.4413759500000003,2.42974605,2.41632955,2.4219107,2.41585255,2.3797584499999997,2.3592006000000003,2.35000405,2.3372437,2.32298025,2.31688635,2.32258385,2.3407837999999996,2.3007883500000004,2.3613287,2.40567865,2.3268345,2.53461,11.5696,11.5696,11.5696,11.5696,3.6
8,2.43474385,2.43085295,2.4310955,2.4609966,2.44972615,2.43035135,2.4231394,2.4413992,2.43232215,2.42941195,2.41904275,2.42701435,2.4180374000000002,2.4180433,2.4263471500000002,2.42029315,2.4132411,2.4108551,2.4136535500000003,2.41783855,2.40787335,2.4093621,2.4036701000000003,2.4081432,2.4067198000000003,2.40286125,2.39836165,2.3970277500000003,2.3900161,2.38643395,2.3813169,2.3772174,2.3814345500000003,2.37523705,2.3776514,2.3705472,2.3693145,2.3668010500000003,2.3598285,2.3613472,2.35919405,2.3608171,2.3574665500000003,2.34681475,2.3531454,2.34608895,2.34092815,2.33424875,2.3411076,2.33432975,2.3333344499999997,2.32612545,2.3354622,2.328113,2.32853255,2.3301977999999997,2.3212595,2.32308875,2.3271389,2.32772665,2.3210475500000003,2.3226203500000002,2.3235613,2.3230201,2.3246985,2.322909,2.3259707,2.3251508999999997,2.3293738,2.3215593,2.32598385,2.32803835,2.3266823,2.3246569999999998,2.3259023,2.32468015,2.3254511,2.32090995,2.3227127,2.31968225,2.31744265,2.3195376,2.3173572,2.3102128,2.31043985,2.3050967499999997,2.29891445,2.2987766499999998,2.2953223,2.2981699,2.2959320500000002,2.2920415,2.2887024,2.2882552499999997,2.2883179,2.2847437,2.28526515,2.28438755,2.2852467499999998,2.2844777499999998,2.28441705,2.2805367,2.28270175,2.2833629,2.2845779,2.28417345,2.2823767,2.2832822,2.2808592,2.2826771,2.2836362,2.28609125,2.28690105,2.29120775,2.2924184,2.2956320999999997,2.30133695,2.3025472000000002,2.3106515,2.3123408,2.31601485,2.32108655,2.32423565,2.32739195,2.3278085,2.33011745,2.33266245,2.3400099,2.33969125,2.3413027,2.35062595,2.3600326,2.3683991,2.37633085,2.3867469,2.3935722000000004,2.4045042,2.4138093,2.4203114,2.4252564,2.4356182,2.43757105,2.44892075,2.4531367,2.45427495,2.45803955,2.4588058,2.4567467,2.4663271,2.46222245,2.4631035,2.4636057,2.46663465,2.46508325,2.46413685,2.4663477499999997,2.46541325,2.4628675,2.4682524,2.4577242999999998,2.4652213,2.4704069,2.45859905,2.4618727,2.4612381500000002,2.4560798999999998,2.4566425,2.45553535,2.4563855,2.45364015,2.4480009,2.4513570000000002,2.44487215,2.45454475,2.4537031,2.4515818499999997,2.4508,2.4453572,2.4422289,2.4449743,2.44639645,2.4448937,2.4466379500000004,2.4462327000000004,2.4399131,2.44067355,2.44411035,2.4392987,2.4366912,2.4461473000000002,2.44137755,2.4396514,2.44169695,2.43502645,2.43144475,2.43381975,2.43184115,2.42946065,2.43457465,2.43455505,2.4305455,2.42919645,2.4321086000000003,2.4282249,2.42625955,2.4225673999999997,2.4264018999999997,2.41679225,2.41895955,2.41373875,2.41729485,2.40645875,2.4000118,2.4009858,2.3885767,2.3790014499999996,2.37563335,2.35609295,2.34213105,2.3284845499999998,2.359013,2.32135025,2.35198405,2.34203955,2.3536861,2.3815745,2.38098595,2.3323238500000003,10.4934,10.4934,10.4934,10.4934,2.6
9,2.4594944,2.4581649,2.4589191,2.4770142,2.46135155,2.45675205,2.45622425,2.44597285,2.45713535,2.46726115,2.4399331,2.45107235,2.4343098000000003,2.4419671999999997,2.42840075,2.42920815,2.42893255,2.4383651,2.4175890499999997,2.43487995,2.4216321499999998,2.42765485,2.42083035,2.42065645,2.4109681,2.4195915,2.4151429,2.4067463499999997,2.3996309,2.40427375,2.39674245,2.39622825,2.39012775,2.3918258999999997,2.3914461,2.38251485,2.3814741,2.3824636000000003,2.37639375,2.37722315,2.3742852,2.3684135,2.3690071,2.35858055,2.36596185,2.3617762,2.3529584,2.3572229499999997,2.35199995,2.3523116,2.352126,2.3519961,2.3507731499999998,2.3420131,2.3462217,2.3441178000000003,2.3468051,2.3385995,2.3414782,2.3391544,2.3400332500000003,2.3432312,2.3442648000000004,2.3394369999999998,2.34315435,2.3430902,2.3446115,2.34293835,2.34607475,2.34473225,2.34521935,2.3427501,2.3423895,2.34037685,2.3436829,2.34325675,2.3398712,2.33908905,2.34444415,2.34132445,2.3344839,2.3348051,2.33259915,2.32404705,2.32757945,2.3225780499999997,2.3180104,2.3152161500000004,2.31450355,2.31081235,2.3102568,2.30764495,2.30629345,2.3061214,2.3034194,2.3001777999999997,2.3007116,2.2979043999999997,2.298217,2.29850815,2.2980990500000003,2.30065015,2.2985948499999997,2.29916165,2.2994273499999998,2.2972543500000002,2.29670725,2.29623335,2.29803845,2.29721435,2.2980126,2.30067545,2.30159125,2.30771945,2.30919015,2.3124193,2.3126192,2.3180868,2.32446245,2.3310123000000003,2.3309,2.33527285,2.3413538,2.3417853,2.34436085,2.34632385,2.35144355,2.3527975000000003,2.3557669,2.3624763,2.3655738499999996,2.37530635,2.381425,2.3954774,2.4025114,2.4130883499999998,2.42138165,2.43250265,2.4344705,2.4439336999999997,2.45510935,2.4526414500000002,2.4651871499999998,2.4718891,2.4698392,2.47333925,2.4771441,2.47413055,2.4781915000000003,2.47711345,2.48160375,2.4813883999999997,2.4841327,2.4844389500000004,2.4811764,2.4816464,2.4778777,2.48192525,2.4761119999999996,2.47726225,2.47823245,2.47810145,2.48070655,2.4708191499999996,2.4746608,2.46996915,2.4722682,2.4655925,2.46626645,2.4718666,2.4642526499999997,2.4641307,2.4663555500000003,2.46427175,2.46195245,2.46762135,2.4571643,2.4595262,2.4611364,2.45586235,2.4550583,2.4561228,2.4642546,2.4609172,2.4581790999999997,2.45475655,2.45099405,2.4523128,2.451762,2.4547449,2.44719115,2.4498621,2.4534217,2.45181725,2.44956265,2.44974405,2.44302145,2.4479267,2.4430579000000003,2.44286935,2.44566625,2.44677055,2.4424897000000003,2.4351567,2.4321045999999997,2.4282148500000003,2.43392025,2.4322422,2.43010525,2.4200863,2.4230032,2.4095188,2.40673045,2.4074701999999997,2.3948069,2.3766746000000003,2.3548548499999997,2.3354745,2.3194308,2.30147405,2.2835007999999997,2.3018271500000003,2.30121755,2.32675555,2.36706045,2.3543968,2.31169165,2.34452455,10.5493,10.5493,10.5493,10.5493,3.0
dang_farm,2.3897386111111114,2.4179345,2.4237723333333334,2.4379634444444442,2.4376677222222223,2.437571611111111,2.416850222222222,2.432755944444444,2.425862944444445,2.4255894444444444,2.4415387777777777,2.433911722222222,2.4319095555555554,2.4346994444444445,2.4354532222222223,2.4376683333333333,2.4343198333333333,2.4517189999999998,2.4342852222222224,2.4408305,2.440746277777778,2.444290555555556,2.443238222222222,2.443999777777778,2.4433889444444445,2.4481822777777777,2.4443204444444446,2.4530036111111113,2.445813388888889,2.445619222222222,2.4451913888888885,2.4479581111111113,2.446921111111111,2.438690388888889,2.4320328333333334,2.4298171111111113,2.4375389444444444,2.4303009444444443,2.433390166666667,2.431147,2.4385982222222222,2.4329245000000004,2.437483444444444,2.423875388888889,2.4357616666666666,2.432089111111111,2.4308955,2.430709944444444,2.4246980000000002,2.4329817222222223,2.4324645555555557,2.428501666666667,2.436909888888889,2.4326021111111107,2.428001055555556,2.428926388888889,2.4357247777777777,2.432730166666667,2.435164611111111,2.4356248333333337,2.4378611666666665,2.436446111111111,2.4411617777777774,2.4467873888888887,2.444662777777778,2.441472055555556,2.4409597222222224,2.4431891666666665,2.4411978333333333,2.4467357222222224,2.4470705,2.4447215555555553,2.4496166666666666,2.4466943333333333,2.453705222222222,2.4531958888888887,2.4487359444444445,2.445106833333333,2.4514100555555554,2.4472596666666666,2.4493614444444445,2.4505382222222223,2.4494326666666666,2.4488230555555557,2.447086055555556,2.444205833333333,2.4403018888888885,2.4392611666666664,2.4400192222222223,2.4411675555555554,2.444292388888889,2.4450990555555556,2.441939666666667,2.4415438333333332,2.4457345555555556,2.4418807777777776,2.442537777777778,2.4484450555555557,2.4509411666666665,2.4543618333333335,2.4455350555555557,2.4523426666666666,2.4518668333333333,2.4557942777777777,2.455408222222222,2.4580811666666667,2.4548101666666664,2.4526005,2.458811611111111,2.460240166666667,2.460306555555556,2.4617923333333334,2.4638911111111113,2.465300777777778,2.4676550555555554,2.467233944444444,2.471690722222222,2.473714666666667,2.4834014444444446,2.4789244444444445,2.4905583888888887,2.486803888888889,2.4905740555555553,2.4949483333333333,2.489249777777778,2.494167611111111,2.4959883888888887,2.499049444444444,2.4986722222222224,2.5020435555555554,2.5033584444444443,2.5136866666666666,2.516246277777778,2.524263277777778,2.5270288888888888,2.5334288333333337,2.5370571111111113,2.541272888888889,2.5423601666666666,2.5480530555555556,2.5533738333333336,2.5532137777777777,2.5602079444444445,2.5642537222222224,2.5594563333333333,2.5590793888888888,2.561858222222222,2.562485888888889,2.558335611111111,2.5628885555555554,2.567830888888889,2.569154277777778,2.5654255,2.5647904444444443,2.5664575555555555,2.5693425,2.566325,2.568267333333333,2.569164944444444,2.5685295,2.571603777777778,2.5636975555555552,2.5663635,2.564522388888889,2.574097722222222,2.563703388888889,2.568060611111111,2.573522222222222,2.566996611111111,2.573199222222222,2.56928,2.5703524444444446,2.5702705,2.568461611111111,2.570875,2.572194777777778,2.5717620555555554,2.568917611111111,2.566790222222222,2.5572513888888886,2.5736720555555554,2.5705405555555556,2.571839888888889,2.5728145000000002,2.5690975555555555,2.5763588888888886,2.5764173333333336,2.5790277777777777,2.5765539444444445,2.576252611111111,2.5668782777777777,2.573868,2.5689711666666666,2.5853966111111113,2.583108388888889,2.5716666666666668,2.5786579444444446,2.5778952222222222,2.5734514444444443,2.574282388888889,2.5732811666666664,2.5758515555555554,2.5914715555555556,2.561969277777778,2.5716274444444442,2.5699564444444443,2.5855951666666668,2.566893,2.5754246666666667,2.5732754444444446,2.5634793888888887,2.5511188333333332,2.5598060555555557,2.550480666666667,2.519238888888889,2.509998888888889,2.496657777777778,2.4904205,2.5195870555555557,2.472874722222222,2.403992277777778,2.4526889444444446,2.491249388888889,2.4388278333333333,2.513564333333333,2.578739722222222,2.551371,2.4337513333333334,11.027,11.027,11.027,11.027,2.4
ho_si_vuong,2.461242947368421,2.4297246315789476,2.422359,2.405247947368421,2.4067043684210527,2.4321933157894735,2.4018735263157893,2.4064267368421053,2.4290989473684212,2.430362052631579,2.4389866315789472,2.4313770526315786,2.432128894736842,2.4297944210526317,2.4282282105263158,2.437340263157895,2.435894315789474,2.4358023157894735,2.438960894736842,2.438519157894737,2.4405154736842105,2.442722263157895,2.4393973157894737,2.438639842105263,2.4428424210526316,2.448076789473684,2.4438556842105266,2.449050157894737,2.443733947368421,2.446168947368421,2.4415642105263156,2.4461539473684213,2.438233052631579,2.4408473684210525,2.436426210526316,2.437859263157895,2.438591315789474,2.441019315789474,2.436085789473684,2.4340066842105266,2.4381379473684213,2.443551631578947,2.439163894736842,2.438829315789474,2.443743894736842,2.435544947368421,2.428780947368421,2.443030263157895,2.4310863157894738,2.4354473684210527,2.4327506315789473,2.434492368421053,2.436040684210526,2.438645947368421,2.4332625263157897,2.4445828421052633,2.441647315789474,2.444110157894737,2.4458679473684213,2.4444622105263156,2.4446781578947365,2.445577,2.4474004736842105,2.4419228947368423,2.4483755789473687,2.443926842105263,2.4479270526315786,2.4500346315789474,2.449812052631579,2.4542544736842102,2.4510965263157893,2.4527366842105263,2.452417736842105,2.454551578947368,2.4569502631578946,2.456331157894737,2.450117736842105,2.450969894736842,2.452327947368421,2.448672052631579,2.452856315789474,2.4546555789473685,2.453789263157895,2.4521517368421053,2.4504126315789474,2.448362421052632,2.4458115263157896,2.447028684210526,2.448418789473684,2.4451264210526316,2.444222210526316,2.4480315263157895,2.4431805789473686,2.4446193157894736,2.449928052631579,2.446157,2.447456,2.449876842105263,2.4463842631578947,2.4559788421052633,2.4512394210526316,2.4522952631578945,2.4534972631578946,2.45444852631579,2.455357052631579,2.4551866842105263,2.458409684210526,2.4587075789473682,2.4602894736842105,2.4594244210526317,2.4589343684210525,2.4615593157894735,2.462051315789474,2.4656907894736846,2.467740631578947,2.4670337368421054,2.4705064736842104,2.478193,2.4784262105263157,2.4832434736842104,2.487454157894737,2.487931052631579,2.4870696315789473,2.489289789473684,2.4937755789473686,2.4956874736842103,2.4929193684210524,2.4964947368421053,2.5011014210526317,2.4987168421052632,2.504284210526316,2.509087210526316,2.515342894736842,2.517884105263158,2.519288105263158,2.529685684210526,2.5331005263157893,2.5438107368421052,2.539003105263158,2.547913789473684,2.5461806315789475,2.5468653157894736,2.559534315789474,2.5585756315789476,2.555153157894737,2.560949052631579,2.555269421052632,2.563647684210526,2.563908105263158,2.5668295789473685,2.558528052631579,2.5612648421052633,2.564647210526316,2.5648215789473685,2.565168842105263,2.567715894736842,2.564442947368421,2.5637257368421054,2.565614157894737,2.562030894736842,2.5716786842105264,2.5681882105263156,2.564286842105263,2.568391052631579,2.5705385789473683,2.569744684210526,2.5712952631578947,2.564683157894737,2.564502368421053,2.564483684210526,2.565769842105263,2.5654957368421054,2.566709947368421,2.567168684210526,2.5689611052631576,2.5698853684210525,2.5733865789473684,2.5603054736842106,2.568908,2.5646384210526314,2.5683692631578947,2.570601842105263,2.567155105263158,2.569232473684211,2.5734194210526318,2.5750113157894736,2.5661355263157892,2.5693974736842105,2.567722052631579,2.5761425263157895,2.567649631578947,2.566204210526316,2.572338421052631,2.5761794210526316,2.5779429473684212,2.576167,2.568859631578947,2.5681164736842104,2.585058105263158,2.5704814736842105,2.5734332631578947,2.5793184736842107,2.570009368421053,2.573373368421053,2.574093526315789,2.559334315789474,2.566463368421053,2.572127,2.580194842105263,2.5618042631578946,2.572217315789474,2.5466512105263157,2.547474105263158,2.541207105263158,2.511781105263158,2.510251263157895,2.476875894736842,2.4364844210526315,2.4492317894736844,2.4180781052631577,2.438236052631579,2.38831,2.4380747368421054,2.478136368421053,2.420967,2.5740835789473686,2.396221052631579,2.4283901578947367,10.7127,10.7127,10.7127,10.7127,2.4
huynh_thi_diep,2.38905,2.382044857142857,2.4071714285714285,2.388590047619048,2.389014857142857,2.4035815238095237,2.4151675714285714,2.4124290476190473,2.411392,2.422190523809524,2.4090189523809524,2.4074841904761906,2.4024158095238097,2.4131470476190477,2.406018142857143,2.405555380952381,2.406833476190476,2.412941142857143,2.4037069523809524,2.4118240476190476,2.4073295714285714,2.412322523809524,2.4133171428571427,2.410142761904762,2.4054578095238095,2.412408761904762,2.408932523809524,2.4131948095238096,2.4002295714285715,2.404190619047619,2.400973714285714,2.401683476190476,2.398349,2.4060786666666667,2.4065294285714285,2.3995570476190475,2.3955288095238094,2.3945966666666667,2.400557523809524,2.3999214285714285,2.3940793333333334,2.3986070476190475,2.3903493333333334,2.3929011428571427,2.4005259047619045,2.3949936666666667,2.398349619047619,2.387323523809524,2.390244,2.392660238095238,2.3913829523809524,2.387740619047619,2.3931017142857143,2.3957131428571428,2.391807857142857,2.3970234761904763,2.393433714285714,2.3896539523809524,2.397145142857143,2.392734380952381,2.4011004761904764,2.4055215238095236,2.4052100476190477,2.405392761904762,2.404427,2.4059559999999998,2.4088345714285717,2.4116340476190476,2.4126029523809525,2.409426,2.416192523809524,2.4141589523809523,2.4220451904761906,2.4121745714285714,2.4212964285714285,2.4227432857142857,2.415248714285714,2.4161351428571427,2.414774619047619,2.4193228095238095,2.418565380952381,2.4159876666666666,2.415342761904762,2.4136380476190475,2.414166333333333,2.4098267142857144,2.4122755714285713,2.406243238095238,2.410259,2.4054197142857143,2.408817047619048,2.4064552380952384,2.403561142857143,2.4081780476190477,2.4062471904761904,2.4026419523809524,2.4069941904761905,2.4056395714285714,2.4092054761904764,2.4125770952380954,2.4075220476190475,2.41306580952381,2.409655,2.413303761904762,2.4165528571428574,2.412273380952381,2.4127504761904763,2.415915380952381,2.4160602857142854,2.4180893333333335,2.420188714285714,2.4239470476190474,2.422302523809524,2.4280704761904763,2.428156095238095,2.4317489047619048,2.4360500952380955,2.440165857142857,2.443244380952381,2.4441505714285716,2.450875714285714,2.4545285714285714,2.455135761904762,2.4620427142857144,2.4608347142857143,2.4614506666666665,2.4639785714285716,2.4679812857142855,2.4690478095238095,2.471251761904762,2.47384,2.477018761904762,2.4851454285714287,2.4915348571428573,2.501821333333333,2.503053,2.507142476190476,2.513803619047619,2.515047571428571,2.525127761904762,2.5277099523809525,2.529112476190476,2.530812857142857,2.5379474761904763,2.537657142857143,2.5349986190476193,2.5393082380952383,2.543064666666667,2.5445037142857143,2.5456079523809523,2.546662047619048,2.539387523809524,2.5474373333333333,2.5462848095238093,2.541711142857143,2.545433142857143,2.545494523809524,2.548632619047619,2.549389761904762,2.544618666666667,2.5454432857142857,2.5509073333333334,2.5485183809523813,2.550109285714286,2.5469207619047616,2.545986619047619,2.5518798095238093,2.5478563333333333,2.553398714285714,2.547293523809524,2.545003142857143,2.5501448095238097,2.5409821904761904,2.5496339999999997,2.5460302857142856,2.5480982857142855,2.545654857142857,2.5429251904761907,2.5429217142857143,2.5407663333333335,2.542462476190476,2.5549062857142855,2.5518940476190477,2.5489558095238096,2.5489424285714284,2.5521735714285714,2.5432516666666665,2.554777666666667,2.549789523809524,2.554208857142857,2.558848238095238,2.5524429047619046,2.5546545714285713,2.5544876190476193,2.551378523809524,2.5524702857142856,2.5571374285714286,2.5468792380952383,2.553862380952381,2.5439631904761906,2.5631606666666666,2.552013523809524,2.555184619047619,2.559927666666667,2.5462341904761905,2.54943380952381,2.542885619047619,2.5505755714285714,2.5499467142857144,2.5394953333333334,2.545549904761905,2.5253096190476194,2.527862904761905,2.5182310476190475,2.505913666666667,2.4760465714285713,2.4740192857142858,2.4644965238095238,2.430368619047619,2.4175351428571425,2.3764458095238092,2.402136142857143,2.423729,2.380477761904762,2.426917476190476,2.461220238095238,2.55109,2.4296028095238094,9.9893,9.9893,9.9893,9.9893,2.4
luong_thi_thuy,2.4114025000000003,2.4042003999999997,2.4133463500000003,2.4159163,2.4262426,2.4308350499999998,2.4105742,2.4311571,2.43626025,2.4290176,2.4288443,2.43514665,2.43235505,2.4348342,2.42866325,2.4275948,2.4355023,2.4430844,2.4343053,2.4336848499999997,2.43565625,2.4383448999999997,2.4419176499999997,2.43616865,2.4370034499999997,2.4355437,2.4377381500000004,2.4464331,2.4425669,2.4337682999999997,2.43462355,2.432606,2.4343325499999997,2.4294531,2.43090705,2.42515065,2.42073,2.4261917,2.4186236,2.42653365,2.42904485,2.42910335,2.42354695,2.4276268500000002,2.4264666999999998,2.4235688,2.4255434,2.42031935,2.4169692,2.4210867499999997,2.4231711000000002,2.4203798,2.4179453,2.42438495,2.42101805,2.4166716999999998,2.41856915,2.4220254999999997,2.42616185,2.425547,2.4244391,2.43618925,2.43198415,2.43678465,2.43078075,2.4326175,2.43258355,2.4332509,2.4342527,2.4317015,2.43835315,2.4374647499999997,2.4345254499999998,2.4406281499999998,2.44224855,2.44025755,2.4434602500000002,2.4442854499999997,2.4417126,2.43893365,2.4413989000000003,2.44119755,2.43878015,2.4369656500000003,2.43581235,2.4357454,2.4336642,2.430205,2.4359265,2.43221275,2.42644325,2.4290325,2.4303891,2.4314246,2.43077925,2.4275744,2.43093375,2.43131515,2.4364699,2.4337675,2.4348112,2.43231725,2.4414609,2.4381475000000004,2.4362139,2.4388133,2.4381321,2.4397442000000003,2.44143775,2.43897785,2.43673325,2.4480901,2.44917225,2.4494281,2.4478541,2.45001225,2.4570085500000003,2.4568503,2.4653590999999997,2.4626016,2.470578,2.4699282499999997,2.47329475,2.4754829000000003,2.4725595,2.4806663,2.47962275,2.48381425,2.48421935,2.48581425,2.49394055,2.49752525,2.49793185,2.50281725,2.50778805,2.5134415,2.52032705,2.529599,2.5296940500000002,2.5341003,2.5387898,2.53898835,2.543066,2.5468859000000004,2.5472471,2.54444565,2.54694105,2.55044095,2.55378355,2.55379435,2.5580333,2.5564024499999998,2.5551472,2.55432815,2.5554165,2.5582445,2.5519667000000004,2.55705605,2.55810205,2.5591069,2.5576348500000003,2.56178315,2.56416005,2.55966475,2.5655843000000003,2.55625125,2.56080015,2.5550059000000003,2.5576326000000003,2.55385725,2.55874615,2.55658985,2.557765,2.55902475,2.55558795,2.55496465,2.5641734499999997,2.55676675,2.55107445,2.55249915,2.55735125,2.5637897,2.5577358,2.5632586,2.5582001500000002,2.5539894,2.5648766,2.5691879,2.5644027,2.56480155,2.5641317,2.5567223500000003,2.57306395,2.56342635,2.5615695,2.5761914999999997,2.5659865500000003,2.5571655,2.5743149,2.56988975,2.5726248,2.5639551999999997,2.5630142,2.56809115,2.58322055,2.55721945,2.5550207,2.55434355,2.5635470000000002,2.55364085,2.54729685,2.5531957000000003,2.5409489,2.54105015,2.5131823,2.4953606,2.48208655,2.4700568,2.46846715,2.4105730000000003,2.4391542999999998,2.43333085,2.44571625,2.4307665,2.4634603,2.61938975,2.4015976,2.5077763,9.9796,9.9796,9.9796,9.9796,2.4
mr_xanh,2.375754888888889,2.4044476111111113,2.3982936666666665,2.420612333333333,2.434783611111111,2.427027166666667,2.4342821666666667,2.440511722222222,2.430581444444444,2.4323259444444445,2.430006777777778,2.4301077222222225,2.4355234444444442,2.4425982222222222,2.432786777777778,2.435357444444444,2.439680222222222,2.4371277777777776,2.436934888888889,2.4445924444444445,2.4492942222222225,2.452781555555555,2.4433518333333333,2.442670777777778,2.448050388888889,2.455765611111111,2.4517679444444442,2.452104333333333,2.441971388888889,2.446041666666667,2.4448755555555555,2.4484058333333336,2.4462937777777776,2.4465185,2.451085,2.442869388888889,2.447087111111111,2.450892777777778,2.4420849444444443,2.4393363333333333,2.4447158333333334,2.4478318333333333,2.438182277777778,2.443016777777778,2.444036666666667,2.4416960555555556,2.4359437777777777,2.4381227222222224,2.439024444444444,2.434295333333333,2.439748277777778,2.4410435,2.442931277777778,2.4451567222222224,2.448136555555555,2.4432768888888887,2.4398452777777777,2.439144333333333,2.4410866111111114,2.4502654444444447,2.449621666666667,2.455026888888889,2.447520611111111,2.453569388888889,2.449469111111111,2.454781166666667,2.449675111111111,2.4575606666666667,2.4542026666666668,2.458752722222222,2.462646888888889,2.4562441666666666,2.4606018333333335,2.4557869444444447,2.459783888888889,2.4609095555555554,2.4599473888888888,2.4571535,2.4631666111111112,2.4607316666666663,2.4599438888888887,2.4654353333333336,2.4610668888888885,2.4609131666666664,2.4623122222222222,2.458721888888889,2.4600655000000002,2.4561996111111113,2.454414388888889,2.453110888888889,2.453290111111111,2.4542983888888887,2.456231166666667,2.456498,2.4523005555555555,2.4558175,2.455979222222222,2.4597586666666666,2.455735666666667,2.459160277777778,2.4595772222222223,2.4606618333333334,2.4594180555555556,2.4638377222222223,2.463157888888889,2.462244055555556,2.463528388888889,2.4673364444444443,2.4680514444444444,2.469633388888889,2.4699709444444444,2.473835055555556,2.473138555555556,2.474437777777778,2.4782635555555554,2.4771569444444443,2.483268777777778,2.4841558333333333,2.4894770555555557,2.491941611111111,2.493047388888889,2.4964986666666666,2.499505888888889,2.5012945555555555,2.498348722222222,2.5005479444444445,2.5044814444444445,2.5124327777777777,2.5049569444444444,2.5096054444444444,2.514285888888889,2.518341388888889,2.523521777777778,2.527105833333333,2.535730777777778,2.53594,2.544493888888889,2.552238611111111,2.5512371666666667,2.552604,2.5600363333333336,2.557579,2.5631169444444444,2.569176777777778,2.5679936666666667,2.56696,2.5702265555555552,2.567113388888889,2.569973666666667,2.574644222222222,2.5710586666666666,2.5709611666666667,2.5733976666666667,2.575655888888889,2.576901888888889,2.575341777777778,2.5703458888888893,2.5705101666666668,2.577530388888889,2.574186888888889,2.5773520555555556,2.579477666666667,2.5785066666666667,2.5778156111111112,2.5781329444444445,2.575552888888889,2.5739762777777777,2.5755765,2.5749850555555556,2.5781159444444444,2.574611222222222,2.577156333333333,2.5708345555555554,2.5744844444444444,2.5728685555555555,2.5793991666666667,2.5789475,2.5746827222222226,2.5753654444444445,2.5797089444444445,2.585831222222222,2.5811941111111114,2.5750147777777777,2.5753230555555557,2.584451722222222,2.587191,2.582753277777778,2.5735715,2.5786209444444443,2.5922082777777775,2.583147444444444,2.588840277777778,2.5817015555555556,2.592141333333333,2.5760483333333335,2.5878575,2.580697277777778,2.5788931111111113,2.5912918333333335,2.5837237777777777,2.581441388888889,2.581824,2.5789340555555555,2.5874857777777778,2.5855492222222223,2.5680170555555555,2.5894514444444443,2.577040388888889,2.581544222222222,2.581136,2.5726867777777778,2.5751083333333336,2.5579273333333337,2.5704836666666666,2.5419216666666666,2.539570888888889,2.525002611111111,2.5268370555555553,2.503759611111111,2.4999005555555556,2.479858166666667,2.471337,2.498317888888889,2.5689721666666667,2.5686459444444445,2.5062928333333336,2.5576417777777776,2.5637310555555555,11.5354,11.5354,11.5354,11.5354,2.4
